code;dimension;criterion;definition;inclusion;exclusion;evidence;source;item;rationale
C-GOV-01;Governance und Entscheidungsautonomie;Digitale Strategie;Institutionell verankerte strategische Orientierung für die selbstbestimmte Gestaltung und Steuerung digitaler Infrastrukturen, Dienste und Daten.;Textstellen zu expliziten Zielen, Leitlinien, Roadmaps oder Planungen für souveräne beziehungsweise kontrollierbare digitale Infrastrukturen und Dienste.;Einzelne technische Maßnahmen ohne strategischen Bezugsrahmen sowie operative Zuständigkeits- oder Beschlussfragen.;Das BMBF beschreibt den Aufbau einer zeitgemäßen bundesweiten Infrastruktur für digitale Bildung als übergeordnetes strategisches Ziel.;BMBF (2024), Architekturkonzept Mein Bildungsraum, Zielsetzung.;Unsere Institution verfügt über eine dokumentierte Strategie zur souveränen Gestaltung digitaler Infrastrukturen.;Die Existenz einer dokumentierten Strategie macht die strategische Verankerung als beobachtbares organisationales Merkmal bewertbar.
C-GOV-02;Governance und Entscheidungsautonomie;Verantwortlichkeiten;Formale Zuordnung von Rollen, Zuständigkeiten und Rechenschaftspflichten für digitale Souveränität und gemeinsam genutzte digitale Dienste.;Textstellen zu benannten Rollen, Verantwortungsbereichen, rechtlichen oder wirtschaftlichen Pflichten und organisatorischer Rechenschaft.;Entscheidungsverfahren ohne Rollenzuordnung sowie informelle Mitarbeit ohne festgelegte Verantwortung.;Das Gaia-X-/IDSA-Regelwerk ordnet technische Rollen wirtschaftlichen und rechtlichen Verantwortlichkeiten zu.;Gaia-X/IDSA (2023), Rulebook/Trust Framework, Abschnitte zu Rollen und Verantwortlichkeiten.;Rollen und Verantwortlichkeiten für digitale Souveränität sind eindeutig definiert.;Eindeutig definierte Rollen sind ein unmittelbar prüfbarer Indikator für institutionalisierte Verantwortungsstrukturen.
C-GOV-03;Governance und Entscheidungsautonomie;Entscheidungsprozesse;Nachvollziehbare Verfahren und Gremien für Entscheidungen über zentrale digitale Dienste, Dateninfrastrukturen und Kooperationsregeln.;Textstellen zu institutionalisierten Gremien, Beschlusswegen, Beteiligungsverfahren und dokumentierter Entscheidungsfindung.;Reine Rollendefinitionen sowie technische Automatisierung ohne Governance-Entscheidung.;Otto und Jarke beschreiben die Governance einer organisationsübergreifenden Datenplattform durch eine institutionalisierte Allianz verschiedener Stakeholder.;Otto und Jarke (2019), S. 561.;Entscheidungen über zentrale digitale Dienste erfolgen transparent und nachvollziehbar.;Transparenz und Nachvollziehbarkeit operationalisieren die formale Ausgestaltung interorganisationaler Beschlussprozesse.
C-DAT-01;Daten- und Informationssouveränität;Dateninventar;Systematische Übersicht über wesentliche Datenbestände, Datenverantwortlichkeiten und organisationsinterne beziehungsweise -übergreifende Datenflüsse.;Textstellen zu Datenkatalogen, Datenwörterbüchern, Metadatenverzeichnissen, Datenbeständen oder dokumentierten Datenflüssen.;Zugriffs- und Nutzungsregeln ohne Bestandsübersicht.;Die OECD hebt die Dokumentation administrativer Datensätze und öffentlich verfügbare Datenwörterbücher als Voraussetzung für nachvollziehbaren Datenzugang hervor.;OECD (2023), S. 227.;Unsere Institution verfügt über eine Übersicht zentraler Datenbestände und Datenflüsse.;Eine institutionelle Übersicht über Bestände und Flüsse bildet die Voraussetzung, um Daten kontrollieren und Verantwortlichkeiten zuordnen zu können.
C-DAT-02;Daten- und Informationssouveränität;Zugriffskontrolle;Organisatorische und technische Regeln, die festlegen, welche Personen oder Systeme auf sensible Daten zugreifen dürfen und wie Zugriffe nachvollzogen werden.;Textstellen zu Autorisierung, Authentifizierung, feingranularem Zugriff, Zugriffsbeschränkung und Protokollierung von Datenzugriffen.;"Regeln zum Verwendungszweck nach erfolgtem Zugriff; diese werden unter Datennutzung codiert.";Opriel et al. beschreiben abgestufte Zugriffsrechte, autorisierte Systeme und die sichtbare Protokollierung einzelner Datenanfragen.;Opriel et al. (2025), S. 839-840.;Zugriffe auf sensible Daten sind geregelt, dokumentiert und überprüfbar.;Das Item verbindet formale Zugriffsregeln mit Dokumentation und Prüfbarkeit und bildet damit sowohl Steuerung als auch Nachweisfähigkeit ab.
C-DAT-03;Daten- und Informationssouveränität;Datennutzung;Festgelegte Bedingungen für Verarbeitung, Weitergabe, Verwendungszweck, Aufbewahrung und Löschung von Daten.;Textstellen zu Usage-Control-Regeln, Nutzungsvereinbarungen, Zweckbindung, Weitergabeverboten, Aufbewahrungsfristen oder Löschpflichten.;Die vorgelagerte Berechtigung zum Datenzugriff sowie reine Bestandsdokumentation.;Von Scherenberg et al. ordnen vertraglich vereinbarte Nutzungsbedingungen und deren Durchsetzung den Kernelementen von Datensouveränität zu.;von Scherenberg et al. (2024), Tabelle 2.;Regeln zur Nutzung, Weitergabe und Verarbeitung von Daten sind definiert.;Definierte Nutzungsregeln übersetzen die abstrakte Kontrolle über den Datenlebenszyklus in ein organisationsbezogen bewertbares Merkmal.
C-TEC-01;Technologische Abhängigkeiten;Anbieterabhängigkeit;Transparenz über kritische Abhängigkeiten von Plattformen, Cloud-Angeboten, proprietären Komponenten und externen Dienstleistern.;Textstellen zu Vendor Lock-in, Machtpositionen von Dienstleistern, proprietären Abhängigkeiten oder fehlender eigener technischer Kontrolle.;"Konkrete Migrations- oder Ausstiegsmöglichkeiten; diese werden unter Exit-Fähigkeit codiert.";Opriel et al. begründen selbstadministrierte, dezentrale Lösungen unter anderem mit der Vermeidung ungewollter Abhängigkeiten und Machtpositionen externer Dienstleister.;Opriel et al. (2025), S. 839 und 846-847.;Kritische Abhängigkeiten von externen Plattformen oder Dienstleistern sind bekannt.;Eine belastbare Steuerung technologischer Abhängigkeiten setzt zunächst deren systematische Kenntnis voraus.
C-TEC-02;Technologische Abhängigkeiten;Exit-Fähigkeit;Fähigkeit, zentrale digitale Dienste, Daten und Prozesse innerhalb vertretbarer Fristen und Aufwände zu alternativen Lösungen zu migrieren oder zurückzuführen.;Textstellen zu Migration, Portabilität, Rückfalloptionen, Substitution und kontrolliertem Anbieterwechsel.;Allgemeine Kenntnis einer Abhängigkeit ohne konkreten Ausstiegs- oder Migrationspfad.;Von Scherenberg et al. beziehen die Freiheit, Daten bei Bedarf zu migrieren, ausdrücklich in ihr Verständnis von Datensouveränität ein.;von Scherenberg et al. (2024), Tabelle 1.;Für zentrale digitale Dienste bestehen Exit-Strategien oder Alternativen.;Dokumentierte Exit-Strategien oder Alternativen bilden die organisationale Fähigkeit ab, eine Abhängigkeit tatsächlich zu beenden oder zu reduzieren.
C-TEC-03;Technologische Abhängigkeiten;Vertragsgestaltung;Vertragliche Absicherung von Datenkontrolle, Portabilität, Rückgabe, Löschung, Auditierbarkeit und Beendigung bei extern bezogenen digitalen Diensten.;Textstellen zu Vertragsklauseln, Datenrückgabe, Portabilität, Löschpflichten, Nutzungsbeschränkungen und Anbieterwechsel.;Allgemeine Datenschutzregelungen ohne Bezug zu Dienstleisterverträgen oder Portabilität.;Die OECD beschreibt Vereinbarungen, die kommerzielle Weiterverwendung beschränken und eine einfache Rückgewinnung von Daten ermöglichen.;OECD (2023), S. 224.;Verträge mit Dienstleistern berücksichtigen Anforderungen an Datenkontrolle und Portabilität.;Das Item fokussiert die zwei für einen souveränen Anbieterwechsel zentralen Vertragsziele: fortbestehende Datenkontrolle und technische beziehungsweise rechtliche Portabilität.
C-INT-01;Interoperabilität und Föderationsfähigkeit;Offene Standards;Nutzung dokumentierter, zugänglicher und möglichst herstellerneutraler Standards für Datenformate, Semantik und Diensteintegration.;Textstellen zu offenen Standards, standardisierten Datenformaten, gemeinsamen Semantiken oder herstellerneutraler Anschlussfähigkeit.;Konkrete technische Endpunkte oder APIs ohne Aussage zum zugrunde liegenden Standard.;Das Architekturkonzept von Mein Bildungsraum verbindet souveräne Bildungsdateninfrastrukturen mit europäischer Anschlussfähigkeit und offenen Standards.;BMBF (2024), Architekturkonzept Mein Bildungsraum.;Für den Austausch von Daten und Diensten werden offene Standards genutzt.;Die tatsächliche Nutzung offener Standards ist als institutionelle Praxis bewertbar und reduziert proprietäre Integrationsbarrieren.
C-INT-02;Interoperabilität und Föderationsfähigkeit;Schnittstellen;Dokumentierte technische Schnittstellen, über die zentrale Systeme kontrolliert Daten und Funktionen austauschen können.;Textstellen zu APIs, Bridges, Konnektoren, Integrationspunkten und dokumentierten Systemgrenzen.;Allgemeine Standardisierung ohne konkret verfügbare Schnittstelle sowie rein organisatorische Zusammenarbeit.;Opriel et al. beschreiben eine standardisierte API und Bridge-Implementierungen zur direkten Integration unterschiedlicher Systeme.;Opriel et al. (2025), S. 840.;Zentrale Systeme verfügen über dokumentierte Schnittstellen.;Dokumentierte Schnittstellen sind ein direkt prüfbarer Indikator technischer Anschlussfähigkeit.
C-INT-03;Interoperabilität und Föderationsfähigkeit;Föderierte Zusammenarbeit;Technisch und organisatorisch geregelte Kooperation rechtlich eigenständiger Institutionen über gemeinsame digitale Prozesse und Infrastrukturen.;Textstellen zu interorganisationalen Prozessen, gemeinsamen Governance-Regeln, föderierten Plattformen und institutionalisierter Zusammenarbeit.;Reine Systemintegration innerhalb einer einzelnen Institution sowie ausschließlich bilaterale Vertragsklauseln ohne gemeinsamen Prozess.;"Otto und Jarke beschreiben einen organisationsübergreifenden Datenaustausch, der durch eine institutionalisierte Stakeholder-Allianz getragen wird; Mein Bildungsraum adressiert gemeinsame Bildungsnachweise und Daten über institutionelle Grenzen hinweg.";"Otto und Jarke (2019), S. 561; BMBF (2024), Architekturkonzept Mein Bildungsraum.";Institutionenübergreifende digitale Prozesse sind technisch und organisatorisch geregelt.;Das Item operationalisiert Föderationsfähigkeit nicht nur technisch, sondern als abgestimmtes Zusammenspiel von Prozessen und Governance.
C-KOM-01;Kompetenz und organisationale Fähigkeiten;Fachkompetenz;Verfügbarkeit von Wissen und Fähigkeiten zu Datenmanagement, Plattformen, digitaler Governance, Sicherheit und interorganisationaler Zusammenarbeit.;Textstellen zu erforderlichen digitalen Kompetenzen, Qualifikationen und fachlichem Know-how relevanter Rollen.;Konkrete Trainingsangebote ohne Aussage zum vorhandenen Kompetenzstand.;Die OECD ordnet digitale Kompetenzen den grundlegenden Fähigkeiten zu, die durch Aus- und Weiterbildung aufgebaut werden müssen.;OECD (2023), S. 185.;Relevante Mitarbeitende verfügen über Kompetenzen zu Daten, Plattformen und digitaler Governance.;Das Item prüft den erreichten Kompetenzbestand, unabhängig davon, durch welche Maßnahmen er aufgebaut wurde.
C-KOM-02;Kompetenz und organisationale Fähigkeiten;Schulung;Institutionalisierte Angebote zur Qualifizierung und Sensibilisierung für Anforderungen digitaler Souveränität.;Textstellen zu Training, Beratung, Weiterbildung, Sensibilisierung und Kompetenzentwicklungsprogrammen.;Vorhandene individuelle Kompetenz ohne organisierte Entwicklungsmaßnahme.;Abbas et al. nennen Beratungs- und Trainingsangebote als mögliche Unterstützungsleistung für Akteure in Datenökosystemen.;Abbas et al. (2024), S. 20.;Es existieren Schulungs- oder Sensibilisierungsangebote zu digitaler Souveränität.;Die Existenz wiederholbarer Angebote zeigt, dass Kompetenzentwicklung nicht ausschließlich informell erfolgt.
C-KOM-03;Kompetenz und organisationale Fähigkeiten;Lernfähigkeit;Fähigkeit einer Institution, Erfahrungen, Evaluationsergebnisse und Veränderungen systematisch zu reflektieren und in Anpassungen zu überführen.;Textstellen zu Feedbackschleifen, Evaluation, Reflexion, kontinuierlicher Verbesserung und Anpassung organisationaler Fähigkeiten.;Einmalige Schulungsmaßnahmen ohne Rückkopplungs- oder Verbesserungsprozess.;Stoiber et al. begründen nachhaltige Reifegradentwicklung mit wiederkehrender Evaluation, Reflexion und Anpassung.;Stoiber et al. (2023), S. 704.;Erfahrungen aus digitalen Projekten werden systematisch ausgewertet und genutzt.;Die systematische Nutzung von Projekterfahrungen bildet eine beobachtbare organisationale Feedback- und Lernschleife ab.
C-SEC-01;Compliance, Sicherheit und Vertrauen;Datenschutz;Systematische Berücksichtigung datenschutzrechtlicher Anforderungen über den Lebenszyklus digitaler Dienste und Datenverarbeitungen.;Textstellen zu Datenschutz, Privacy, regulatorischen Vorgaben, Zuständigkeiten und Datenschutzressourcen.;Allgemeine Informationssicherheit ohne personenbezogenen oder datenschutzrechtlichen Bezug.;Die OECD verknüpft Data Governance mit Regeln, Zuständigkeiten und Ressourcen zur Sicherstellung von Privacy und Datenschutz.;OECD (2023), S. 210.;Datenschutzanforderungen werden bei digitalen Diensten systematisch berücksichtigt.;Das Item adressiert Datenschutz als wiederkehrenden Bestandteil der Dienstgestaltung und nicht als punktuelle Einzelprüfung.
C-SEC-02;Compliance, Sicherheit und Vertrauen;Informationssicherheit;Systematische Identifikation, Bewertung und Behandlung von Risiken digitaler Infrastrukturen und Datenverarbeitungen.;Textstellen zu Sicherheitsstandards, Verschlüsselung, Authentifizierung, Risikoanalysen, Audits und Schutzmaßnahmen.;Datenschutzrechtliche Fragen ohne technischen oder organisatorischen Sicherheitsbezug.;Opriel et al. behandeln Sicherheit als zentrales Element von Datensouveränität und nennen unter anderem Transport- und Datenbankverschlüsselung sowie Authentifizierung.;Opriel et al. (2025), S. 840.;Risiken digitaler Infrastrukturen werden regelmäßig bewertet.;Regelmäßige Risikobewertung ist ein organisationsweit anwendbarer Indikator für institutionalisierte Informationssicherheit, ohne einzelne Technologien vorzuschreiben.
C-SEC-03;Compliance, Sicherheit und Vertrauen;Transparenz;Nachvollziehbarkeit von Regeln, Verantwortlichkeiten, Datenzugriffen und Entscheidungen für die beteiligten Akteure eines digitalen Verbunds.;Textstellen zu Protokollierung, Sichtbarkeit, Nachweisbarkeit, auditierbaren Regeln und verständlicher Kommunikation von Verantwortlichkeiten.;Reine technische Offenlegung von Quellcode ohne Bezug zur Nachvollziehbarkeit der Zusammenarbeit.;Opriel et al. operationalisieren Transparenz durch für Systemnutzende sichtbare Protokollierung von Datenanfragen und -zugriffen.;Opriel et al. (2025), S. 839.;Regeln und Verantwortlichkeiten digitaler Zusammenarbeit sind für Beteiligte nachvollziehbar.;Das Item überträgt technische Nachvollziehbarkeit auf die interorganisationale Governance und erfasst, ob Beteiligte Regeln und Verantwortlichkeiten verstehen und prüfen können.
